934f4f6a,5f57b8fbb642eb0017808879,Alex Provorov,https://www.upwork.com/profile-portraits/c1CvRNL0y7eNSOJJsABBeHq59ETaVLjXZFBUG_xYxXSoH94znlv6hP2D5kUU6ea1gt
nastiakoval,603e4a14b2ab3400117a2bd4,Anastasiia Koval,https://www.upwork.com/profile-portraits/c1eqSSNATLJqoKxpPunfybI0jsfn9eHRxkN4T7PxoQc2sM5Wgtz8pWlcBBWiliOX7f
d285639d,5f57b98fb642eb0017808880,Andrew Sherman,https://www.upwork.com/profile-portraits/c1WNyjfCCqFbjBplbNqIJ4mTggtfxL4ovBRbXvwWiJPeZR5Xt5WdoIKDgQK1ztSeuB
af4e9152,617bbadb4c4250001276176a,Artem Misanov,https://www.upwork.com/profile-portraits/c1IaniRD6P-o5U0d42_VVCr_01NV2o9BdfZM4pBMQpwenjSZ60Vs2bwz1PM5LB-iTK
kochetov_dd,5f57b892b642eb0017808876,Danil Kochetov,https://www.upwork.com/profile-portraits/c17iea-tdktYfljgn5tyx1ay4cyvtBoQ0Wd3HG8e86N7LzqTi3oDGZR20SEKMbR4Ax
f217c2fd,5f57b95fb642eb001780887e,Dmitry Lohunov,https://www.upwork.com/profile-portraits/c1OBI1aXmK9DqDZv7Ks-NS93TFhZfxGHqxRdLGtYdRFGZkbUWpbsprOA0GUy-41Kq-
2a39fc0c,604e26d9aed6010012a038f1,Dzianis Stayehlazau,https://www.upwork.com/profile-portraits/c1XBiv0K_XgpMIPJKSuklC2a6U8lzyT8BgO23mFcHXyM2kttEV74wKhXB9Ywx0yJpu
9bde910e,602ff36c991e9f00128c28b7,Igor Mirosedi,https://www.upwork.com/profile-portraits/c1yQcmpa2zCg-Ps13a9v11GPp30YZP38bbOa1W7b79xBsDrnfaLhxs2J-648czxhbx
740d68a5,602671015fe2cc0011b9f989,Ivan Puhach,https://www.upwork.com/profile-portraits/c1DM1jgDcQcwyvqCUFFS_FkDj2LYdGVtfQuBNsgT4P32oQK1j65r7UV2TnavNK0TWc
65ca0217,6113c7e519e5740011288e40,Kirill Usichenko,https://www.upwork.com/profile-portraits/c1EtS5LQopBDqaP7b4Miwr7JWhcXmYqQ5ymYEYbU2Re6J7stpJWJSQiyQkPoHt11vY
658b28de,6113c82119e5740011288e41,Kyrylo Lvov,https://www.upwork.com/profile-portraits/c1Nm4XPbKs8cGS-OQBc1g7GDzPeywxJ0S4qZgEXl0FnNGhl1dyr7Lrx66j4qpu83kO
3096380f,5fff08fc0c6f5f594b03d54d,Maksym Simonov,https://www.upwork.com/profile-portraits/c1fXSXFYw9KRP_BtB35IvqQjqV8SUTXylCevTvkSPOi-r5nX4LSH6tCYpK5yrecvbp
c87733dc,5f57b9b3b642eb0017808882,Marchenko Dmitriy,https://www.upwork.com/profile-portraits/c1cCUlYKpScyCJXIK4q6rZzAJBlg2dDuSAa0h77KzZCKOQ8ZTVmvZ3_sDwanwVwYwU
4f6f8dce,5f57b8d3b642eb0017808877,Mykhailo Maslov,https://www.upwork.com/profile-portraits/c1wlTsv946f_sW-eW_uuODLAAmB1rYLTKDuQTkUrny_U7awmRJ9T6VqpYUTrgY1Ql_
b6f6e9aa,604e130b1f92520011ad8dc4,Oleksii Sirik,https://www.upwork.com/profile-portraits/c1C2rf1dZOMslafpdDIPvlANa71uXOgYz4qbq11XJ3u8KWorbN9Jh82nl8zCF-jgFj
d0f1dde9,5f57b9c9b642eb0017808883,Robert Pavlov,https://www.upwork.com/profile-portraits/c18oLDwNMAA4KkzCNWBA-QfWMpy5_F8ZsLMbLqSDqfrNQlCWOoksAuADqKCtMYQrFF
67abd98b,60be18161af932001237584b,Ruslan Kaniuk,https://www.upwork.com/profile-portraits/c1r9ZohJBXNhXGq_FigrhMlXYXxdyTPpoCEdnL5wYsC_aMf3rKRFX0PyHoyRFgnmgM
drozhdin_vitaly,5f57b924b642eb001780887b,Vitaly Drozhdin,https://www.upwork.com/profile-portraits/c1Def3D8W2dCcg8GrWMKcn5iD1IfhWtwHIF3ywR8ysryRTiasI76ASlDr0SF3hcGLd
xakerbox,60b7c1f04df06a0011ef0e76,Vladimir Kuzin,https://www.upwork.com/profile-portraits/c1YMSrB7gFE_aYQQZHE4Bh8JrdFu4FseaOy4VHie6sskxGX4lMQK21oO89RxwduATe
ea1c5abb,5fff07b70c6f5f594b03d54c,Yevhenii Ishchenko,https://www.upwork.com/profile-portraits/c1Hw-XAu0PrAYxyyyTaUdNzVFb4_F798C-n-ajGUCo3i72zdoclKqTvCb6er_5AjdV
3b6dcd33,60c1bc8e146fcd0018f7fa76,Yuriy Kyrylovskyi,https://www.upwork.com/profile-portraits/c1z9eAxQkSkV_87csYL2_3vOlPdy0WcMDW0T65rz5OnMGaiKavzM4P1HdPTGG0c6W4
c4cd1172,5f8d56d29bf2c6001768b076,Vitalii Staryk,https://www.upwork.com/profile-portraits/c1Sqwvmb0p6Lq6R_XkweDOATbylTz0S9dQ8a8HI6ffelg86pmiUJLD5uUcIjINSAZa
3c061620,61322e93c3d4dc00117c6df4,Kateryna Zaitseva,https://www.upwork.com/profile-portraits/c1SxTFff1JuUy41XPvaiMNLZqx1phHLQY-fttcfGhRWhudVUZJno-AgxHXkIl8PPQ4